<?xml version="1.0" encoding="UTF-8"?>
<rss version="2.0" xmlns:atom="http://www.w3.org/2005/Atom">
    <channel>
        <title>Alice in Webderland</title>
        <description>Life as a front-end web developer</description>
        <link>http://localhost:4000/</link>
        <atom:link href="http://localhost:4000/feed.xml" rel="self" type="application/rss+xml"/>
        <pubDate>Fri, 22 Sep 2023 13:18:03 +0100</pubDate>
        <lastBuildDate>Fri, 22 Sep 2023 13:18:03 +0100</lastBuildDate>
        <generator>Jekyll v4.3.2</generator>
        
            <item>
                <title>Why I am taking CS50</title>
                <description>&lt;h1 id=&quot;why-i-chose-to-take-harvards-free-cs50-course-&quot;&gt;Why I Chose to Take Harvard’s Free CS50 Course 👩🏽‍🏫&lt;/h1&gt;

&lt;p&gt;You may have heard of it already, Harvard’s free CS50 course is an online offering from Harvard University designed to provide a solid foundation in Computer Science.&lt;/p&gt;

&lt;p&gt;It is renowned for its quality and breadth, delivering the same learning experience as Harvard’s own students. The course covers essential topics like algorithms, data structures, and programming languages. It is a great opportunity for developers who haven’t ventured into the world of Computer Science (like me) to gain robust programming skills and get acquainted with industry best practices.&lt;/p&gt;

&lt;p&gt;Indeed, the CS50 course is open to everyone, regardless of their programming skill level, and it offers a unique chance to learn from renowned experts.&lt;/p&gt;

&lt;h2 id=&quot;why-i-chose-to-pursue-this-course&quot;&gt;Why I Chose to Pursue this Course&lt;/h2&gt;

&lt;p&gt;While I have completed a bootcamp, which is undoubtedly a shortcut to landing a job in the development and programming field, I clearly sense that I could have dived deeper in some subjects. During my bootcamp, we covered fundamental concepts, but I’m well aware that there are others that would give me more clarity, even if they don’t immediately impact my day-to-day job - for the moment at least.&lt;/p&gt;

&lt;p&gt;Also, the CS50 course provides access to the expertise of David J. Malan, an excellent teacher and educator. His passion for the subject is infectious, making the course very engaging despite the sometimes abstract nature of the topics. I think it is a real chance to be able to “attend” his classes and I wouldn’t want to miss that. I personally value both practical and scholar knowledges, and I think this can give a different view on a field that is currently highly marketised.&lt;/p&gt;

&lt;h2 id=&quot;challenging-oneself-or-preparing&quot;&gt;Challenging Oneself… or Preparing?&lt;/h2&gt;

&lt;p&gt;In the world of development, it’s often said that one should stay updated and keep learning continuously. In my case, if I choose to invest time in this course instead of learning another framework, it’s mainly because I want to keep the developer spark alive.&lt;/p&gt;

&lt;p&gt;First, I believe that with a solid foundation, I can be more confident and overcome imposter syndrome - or at least live with it. The world of development is so big, I tend to feel pressured into learning as much as I can, but looking ahead to a crowded learning path is a bit demoralising for me. By following the course, I can move forward step by step, with curiosity instead of fear.&lt;/p&gt;

&lt;h2 id=&quot;how-it-will-be-presented-on-the-blog&quot;&gt;How It Will Be Presented on the Blog&lt;/h2&gt;

&lt;p&gt;I’ve decided to document my progress on the blog and convey my understanding of the topics covered. It will also serve as a means to keep my notes in memory, delve into more complicated subjects and structure my thoughts.&lt;/p&gt;

&lt;p&gt;I can’t guarantee that it will be exhaustive, but I hope to provide an overview for anyone interested in the course. 🙏🏽&lt;/p&gt;

&lt;p&gt;If you want to follow along, here are the links to the latest CS50 course :
&lt;a href=&quot;https://learning.edx.org/course/course-v1:HarvardX+CS50+X/home&quot;&gt;CS50 course on EDx&lt;/a&gt;&lt;/p&gt;
</description>
                <pubDate>Thu, 21 Sep 2023 08:00:00 +0100</pubDate>
                <link>http://localhost:4000/blog/why-i-am-taking-cs-50</link>
                <guid isPermaLink="true">http://localhost:4000/blog/why-i-am-taking-cs-50</guid>
                
                <category>CS50</category>
                
                
            </item>
        
            <item>
                <title>Welcome to my tech wonderland</title>
                <description>&lt;h1 id=&quot;the-webderland-odyssey&quot;&gt;The Webderland Odyssey&lt;/h1&gt;

&lt;h2 id=&quot;fighting-the-development-fatigue&quot;&gt;Fighting the development fatigue&lt;/h2&gt;

&lt;p&gt;Welcome to “Alice in Webderland”, where the world of web development unfolds with passion, curiosity, and a touch of whimsy. This blog is a chronicle of my journey, where I will share inspirations about coding with anyone who wants to join the tech-adventure and needs a little bit of light.&lt;/p&gt;

&lt;p&gt;Being the first to feel the coding pressure, the dev impostor syndrom and the programming fatigue, I thought I would focus my energy on sharing the good and the bad of the journey, to let people know that they are not alone. Lately, the motivation has not been great: I couldn’t help but focus on everything I am lacking, or on the fact that I am not good enough compared to others, the fact that I feel slow and unworthy. I have loved coding for so long, it would be a shame to give up just because of external contexts where we are pressured to compare ourself with each others, while the goal of it all is just to code, enjoy it and do it well.&lt;/p&gt;

&lt;h2 id=&quot;why-blogging&quot;&gt;Why blogging?&lt;/h2&gt;

&lt;p&gt;I am not sure where this blog will take me, but it will be a way to keep me connected and focused on the passion. I would like to share about my journey, my small and big challenges, because maybe someone will relate to it one day, who knows. I could work on a portfolio, on creating other projects, but for the moment I don’t have that kind of inspiration since I am quite tired, at so many level. You know how talking about something - or someone - you love sometimes makes you fall in love with it again? Well, that is what I am aiming for, to keep the light alive in a somewhat not so shiny environment.&lt;/p&gt;

&lt;p&gt;&lt;strong&gt;I hope that you will like to follow along, and do not hesitate to reach out! I would love to speak with other inspired developers looking to make this path a bright and fun one.&lt;/strong&gt;&lt;/p&gt;
</description>
                <pubDate>Fri, 01 Sep 2023 08:00:00 +0100</pubDate>
                <link>http://localhost:4000/blog/welcome-to-my-tech-wonderland</link>
                <guid isPermaLink="true">http://localhost:4000/blog/welcome-to-my-tech-wonderland</guid>
                
                <category>freelance life</category>
                
                
            </item>
        
    </channel>
</rss>